scenario;wilcoxon_stat;wilcoxon_p;wilcoxon_res;mannwhitneyu_stat;mannwhitneyu_p;mannwhitneyu_res;ranksum_stat;ranksum_p;ranksum_res
Best_Epidemic_def40_on_hel100;15.5;0.7259636262501574;fail to reject H0;45.5;0.38083630402188334;fail to reject H0;-0.3401680257083045;0.7337299956962472;fail to reject H0
Best_Epidemic_man40_on_def100;0.0;0.005033508200606249;reject H0;0.0;9.133589555477501e-05;reject H0;-3.779644730092272;0.00015705228423075119;reject H0
Best_Prophet_hel40_on_def100;5.0;0.02182427562605354;reject H0;12.0;0.0022855542308096084;reject H0;-2.872529994870127;0.004071994217732759;reject H0
Best_Epidemic_hel100_on_def40;11.0;0.09260069782067576;fail to reject H0;28.0;0.05159925472927508;fail to reject H0;-1.6630436812405998;0.09630369202868826;fail to reject H0
Best_Prophet_def100_on_hel40;26.0;0.8784817434328712;fail to reject H0;42.5;0.2979353750174326;fail to reject H0;0.5669467095138409;0.5707503880581739;fail to reject H0
Best_Epidemic_def100_on_man40;0.0;0.005062032126267864;reject H0;4.0;0.00028864501379232104;reject H0;-3.4772731516848907;0.00050654148469229;reject H0
